{"cameraMode":{"drawMode":0,"name":"Shaded","section":"Shading Mode"},"sceneLighting":false,"audioPlay":false,"sceneViewState":{"showFog":true,"showMaterialUpdate":false,"showSkybox":true,"showFlares":true,"showImageEffects":true,"showParticleSystems":true},"in2DMode":false,"pivot":{"x":0.8294119834899902,"y":5.108676433563232,"z":8.879323959350586},"rotation":{"x":0.04370947182178497,"y":0.08763626962900162,"z":-0.0029994319193065168,"w":0.9954549074172974},"size":13.216670989990235,"orthographic":false}