{"cameraMode":{"drawMode":0,"name":"Shaded","section":"Shading Mode"},"sceneLighting":true,"audioPlay":false,"sceneViewState":{"showFog":false,"showMaterialUpdate":false,"showSkybox":false,"showFlares":false,"showImageEffects":false,"showParticleSystems":false},"in2DMode":false,"pivot":{"x":-1.8907742500305176,"y":-2.5377066135406496,"z":8.199337005615235},"rotation":{"x":-0.16295982897281648,"y":0.022400587797164918,"z":-0.014172478578984738,"w":-0.9873811602592468},"size":18.16156768798828,"orthographic":false}