{"cameraMode":{"drawMode":0,"name":"Shaded","section":"Shading Mode"},"sceneLighting":true,"audioPlay":false,"sceneViewState":{"showFog":true,"showMaterialUpdate":false,"showSkybox":true,"showFlares":true,"showImageEffects":true,"showParticleSystems":true},"in2DMode":false,"pivot":{"x":-20.483753204345704,"y":-0.8281269073486328,"z":17.54849624633789},"rotation":{"x":-0.6497172713279724,"y":-0.02306445688009262,"z":0.01668350212275982,"w":-0.7606959939002991},"size":10.595199584960938,"orthographic":false}