{"cameraMode":{"drawMode":0,"name":"Shaded","section":"Shading Mode"},"sceneLighting":true,"audioPlay":false,"sceneViewState":{"showFog":true,"showMaterialUpdate":false,"showSkybox":true,"showFlares":true,"showImageEffects":true,"showParticleSystems":true},"in2DMode":false,"pivot":{"x":-20.259017944335939,"y":2.285310745239258,"z":0.4861412048339844},"rotation":{"x":0.37323522567749026,"y":-0.21926216781139375,"z":0.09421223402023316,"w":0.897396981716156},"size":26.290618896484376,"orthographic":false}