{"cameraMode":{"drawMode":0,"name":"Shaded","section":"Shading Mode"},"sceneLighting":true,"audioPlay":false,"sceneViewState":{"showFog":false,"showMaterialUpdate":false,"showSkybox":false,"showFlares":false,"showImageEffects":false,"showParticleSystems":false},"in2DMode":false,"pivot":{"x":2.909316062927246,"y":17.91663360595703,"z":16.784671783447267},"rotation":{"x":-0.054777950048446658,"y":0.11179060488939285,"z":-0.012564051896333695,"w":-0.9931876063346863},"size":60.96650695800781,"orthographic":false}