{"cameraMode":{"drawMode":0,"name":"Shaded","section":"Shading Mode"},"sceneLighting":true,"audioPlay":false,"sceneViewState":{"showFog":false,"showMaterialUpdate":false,"showSkybox":false,"showFlares":false,"showImageEffects":false,"showParticleSystems":false},"in2DMode":false,"pivot":{"x":-15.606661796569825,"y":0.2205495834350586,"z":3.544182300567627},"rotation":{"x":-0.25015348196029665,"y":0.49451085925102236,"z":-0.16133540868759156,"w":-0.8179080486297607},"size":40.296749114990237,"orthographic":false}