{"cameraMode":{"drawMode":0,"name":"Shaded","section":"Shading Mode"},"sceneLighting":true,"audioPlay":false,"sceneViewState":{"showFog":true,"showMaterialUpdate":false,"showSkybox":true,"showFlares":true,"showImageEffects":true,"showParticleSystems":true},"in2DMode":false,"pivot":{"x":-19.432104110717775,"y":-18.13187599182129,"z":15.055132865905762},"rotation":{"x":0.5077839493751526,"y":0.046026431024074557,"z":-0.02362116612493992,"w":0.8607841730117798},"size":49.6906623840332,"orthographic":false}