{"cameraMode":{"drawMode":0,"name":"Shaded","section":"Shading Mode"},"sceneLighting":true,"audioPlay":false,"sceneViewState":{"showFog":false,"showMaterialUpdate":false,"showSkybox":false,"showFlares":false,"showImageEffects":false,"showParticleSystems":false},"in2DMode":false,"pivot":{"x":-2.0540764331817629,"y":3.1292171478271486,"z":-15.454299926757813},"rotation":{"x":-0.025234175845980645,"y":-0.0023101670667529108,"z":0.015373682603240013,"w":1.000747561454773},"size":36.971839904785159,"orthographic":false}