{"cameraMode":{"drawMode":0,"name":"Shaded","section":"Shading Mode"},"sceneLighting":false,"audioPlay":false,"sceneViewState":{"showFog":true,"showMaterialUpdate":false,"showSkybox":false,"showFlares":true,"showImageEffects":true,"showParticleSystems":true},"in2DMode":false,"pivot":{"x":12.730587005615235,"y":-1.1666069030761719,"z":24.55406951904297},"rotation":{"x":0.31747937202453616,"y":0.0016918894834816456,"z":0.0027860007248818876,"w":0.9490776658058167},"size":72.85269927978516,"orthographic":false}